{
  "project_info": {
    "project_number": "895373740197",
    "project_id": "hairstyling-by-nt",
    "storage_bucket": "hairstyling-by-nt.appspot.com"
  },
  "client": [
    {
      "client_info": {
        "mobilesdk_app_id": "1:895373740197:android:6c306e08abcbfb6348e54c",
        "android_client_info": {
          "package_name": "com.example.hairstylingbynt"
        }
      },
      "oauth_client": [],
      "api_key": [
        {
          "current_key": "AIzaSyCM3qSRTHnKYuuf9t5f75TNWmPSPQ4U7Lk"
        }
      ],
      "services": {
        "appinvite_service": {
          "other_platform_oauth_client": []
        }
      }
    }
  ],
  "configuration_version": "1"
}